activation,iter,gW1_mean_abs,gW2_mean_abs,train_acc,val_acc
sigmoid,1,0.0004128068143394265,0.004902001671320518,0.2380808416724612,0.2380606939910531
sigmoid,2,0.0004057295637163124,0.004751516074484662,0.2380808416724612,0.2380606939910531
sigmoid,3,0.0003990440545501231,0.0046061832308775166,0.2380808416724612,0.2380606939910531
sigmoid,4,0.00039256783589823103,0.004466420952809644,0.2380808416724612,0.2380606939910531
sigmoid,5,0.0003863194712884619,0.004332304318072579,0.2380808416724612,0.2380606939910531
sigmoid,6,0.00038032076829348815,0.004203664712360923,0.2380808416724612,0.23878612017893847
sigmoid,7,0.0003745539339885265,0.004080684982669391,0.23850409650210116,0.34034578648289204
sigmoid,8,0.000369070846034561,0.003962395331574577,0.3323759712186716,0.553500181356547
sigmoid,9,0.00036389631576907354,0.0038474857229101643,0.5427336215497173,0.5735703058880426
sigmoid,10,0.00035887550337019767,0.0037362060507397177,0.5720591347461983,0.5623261999758191
sigmoid,11,0.0003540271785610471,0.0036280365118116866,0.5614475315173686,0.5630516261637045
sigmoid,12,0.00034938835172088057,0.003522928210134929,0.5619917162983342,0.5628098174344094
sigmoid,13,0.00034494549076171754,0.0034208233033511458,0.5622033437131542,0.563172530528352
sigmoid,14,0.0003407209251601807,0.0033216542819043716,0.5625056685914684,0.5634143392576472
sigmoid,15,0.00033666959904282907,0.0032253368507909625,0.5627172960062884,0.5634143392576472
sigmoid,16,0.0003328347305299898,0.003131926933680982,0.5628986909332769,0.5632934348929997
sigmoid,17,0.00032915097303897915,0.003041249178652782,0.5631707833237597,0.563172530528352
sigmoid,18,0.00032562060099653844,0.0029534453398326983,0.5632010158115911,0.563172530528352
sigmoid,19,0.00032232001765857395,0.002868363113094929,0.5632010158115911,0.563172530528352
sigmoid,20,0.00031924622438143257,0.0027859023445219555,0.5632010158115911,0.563172530528352
sigmoid,21,0.0003163186373648445,0.0027059920340857476,0.5632010158115911,0.563172530528352
sigmoid,22,0.00031353691681375713,0.002628526011710122,0.5632010158115911,0.563172530528352
sigmoid,23,0.0003109416749177265,0.0025536489054071177,0.5632010158115911,0.563172530528352
sigmoid,24,0.0003085264503240363,0.0024813716043445605,0.5632010158115911,0.563172530528352
sigmoid,25,0.0003063076723975674,0.002411663600704062,0.5632010158115911,0.563172530528352
sigmoid,26,0.00030418351992925446,0.0023444754980435504,0.5632010158115911,0.563172530528352
sigmoid,27,0.0003021406435590951,0.0022796994236640835,0.5632010158115911,0.563172530528352
sigmoid,28,0.00030027380758055336,0.0022170872886604093,0.5632010158115911,0.563172530528352
sigmoid,29,0.00029857474109463235,0.0021565269131644735,0.5632010158115911,0.563172530528352
sigmoid,30,0.0002969426877367729,0.0020982434741246047,0.5632010158115911,0.563172530528352
sigmoid,31,0.00029536407024282696,0.0020419330986792368,0.5632010158115911,0.563172530528352
sigmoid,32,0.00029385475998027426,0.001987832011892937,0.5632010158115911,0.563172530528352
sigmoid,33,0.00029243616116575146,0.0019357766090074165,0.5632010158115911,0.563172530528352
sigmoid,34,0.0002910959738397978,0.0018855817268569526,0.5632010158115911,0.563172530528352
sigmoid,35,0.00028982788133007754,0.0018371109451858865,0.5632010158115911,0.563172530528352
sigmoid,36,0.0002886415948607955,0.0017905517729964742,0.5632010158115911,0.563172530528352
sigmoid,37,0.00028761727391271775,0.0017458376042787235,0.5632010158115911,0.563172530528352
sigmoid,38,0.0002866733593455943,0.0017028582591262036,0.5632010158115911,0.563172530528352
sigmoid,39,0.0002857639395741937,0.0016616504710843438,0.5632010158115911,0.563172530528352
sigmoid,40,0.0002849026004603235,0.0016221887984516161,0.5632010158115911,0.563172530528352
sigmoid,41,0.00028412069009537923,0.0015845343323473908,0.5632010158115911,0.563172530528352
sigmoid,42,0.0002834323186395992,0.0015483835907675449,0.5632010158115911,0.563172530528352
sigmoid,43,0.00028276982942915355,0.0015136871550326322,0.5632010158115911,0.563172530528352
sigmoid,44,0.00028212875630897934,0.001480381219051381,0.5632010158115911,0.563172530528352
sigmoid,45,0.000281517014023801,0.0014484356294962723,0.5632010158115911,0.563172530528352
sigmoid,46,0.0002809650040280648,0.0014178695144168492,0.5632010158115911,0.563172530528352
sigmoid,47,0.0002804701831628748,0.0013885521234665108,0.5632010158115911,0.563172530528352
sigmoid,48,0.000280006129768111,0.001360433378170631,0.5632010158115911,0.563172530528352
sigmoid,49,0.0002795812342820594,0.0013334193790005494,0.5632010158115911,0.563172530528352
sigmoid,50,0.0002791846992176693,0.001307616509999767,0.5632010158115911,0.563172530528352
sigmoid,51,0.00027883347463141526,0.001283053995178316,0.5632010158115911,0.563172530528352
sigmoid,52,0.0002785037983257422,0.0012595349072273016,0.5632010158115911,0.563172530528352
sigmoid,53,0.00027821085015803705,0.0012370588674566305,0.5632010158115911,0.563172530528352
sigmoid,54,0.0002779401459472798,0.0012154764164331406,0.5632010158115911,0.563172530528352
sigmoid,55,0.0002776793930716652,0.0011946842367432772,0.5632010158115911,0.563172530528352
sigmoid,56,0.00027744053867169,0.0011748024793340607,0.5632010158115911,0.563172530528352
sigmoid,57,0.0002772109522821618,0.0011558784726150469,0.5632010158115911,0.563172530528352
sigmoid,58,0.0002769890722345261,0.0011377343837633645,0.5632010158115911,0.563172530528352
sigmoid,59,0.00027677467976783764,0.0011204753897069448,0.5632010158115911,0.563172530528352
sigmoid,60,0.000276571143487366,0.0011039073556475473,0.5632010158115911,0.563172530528352
sigmoid,61,0.00027639066314951984,0.001088011801550054,0.5632010158115911,0.563172530528352
sigmoid,62,0.000276217434488167,0.0010727098847916785,0.5632010158115911,0.563172530528352
sigmoid,63,0.0002760497288646435,0.0010581107260887903,0.5632010158115911,0.563172530528352
sigmoid,64,0.00027589973223605865,0.0010442135132990935,0.5632010158115911,0.563172530528352
sigmoid,65,0.0002757575574398303,0.0010310330191515165,0.5632010158115911,0.563172530528352
sigmoid,66,0.0002756198807174062,0.001018549645175094,0.5632010158115911,0.563172530528352
sigmoid,67,0.00027548655999014624,0.0010067573290473658,0.5632010158115911,0.563172530528352
sigmoid,68,0.000275357457481162,0.000995494860575482,0.5632010158115911,0.563172530528352
sigmoid,69,0.0002752324396218536,0.0009847091820655244,0.5632010158115911,0.563172530528352
sigmoid,70,0.0002751113769562522,0.0009743624436801176,0.5632010158115911,0.563172530528352
sigmoid,71,0.00027499415188111427,0.0009644812443423256,0.5632010158115911,0.563172530528352
sigmoid,72,0.0002748815691442869,0.0009551437897443783,0.5632010158115911,0.563172530528352
sigmoid,73,0.0002747737566707162,0.0009462109624831737,0.5632010158115911,0.563172530528352
sigmoid,74,0.0002746705210078855,0.0009376484525881253,0.5632010158115911,0.563172530528352
sigmoid,75,0.0002745706189961618,0.0009294414087152238,0.5632010158115911,0.563172530528352
sigmoid,76,0.0002744741290957001,0.0009215274620837425,0.5632010158115911,0.563172530528352
sigmoid,77,0.00027438072925505864,0.0009139504790640414,0.5632010158115911,0.563172530528352
sigmoid,78,0.0002742905044540513,0.0009066986481440076,0.5632010158115911,0.563172530528352
sigmoid,79,0.0002742113463033363,0.000899735301031703,0.5632010158115911,0.563172530528352
sigmoid,80,0.00027413631466597033,0.0008930660794547193,0.5632010158115911,0.563172530528352
sigmoid,81,0.00027406377457746495,0.0008866419990074165,0.5632010158115911,0.563172530528352
sigmoid,82,0.00027399395214415496,0.0008804733855443433,0.5632010158115911,0.563172530528352
sigmoid,83,0.0002739290098461113,0.000874517730734677,0.5632010158115911,0.563172530528352
sigmoid,84,0.00027386725920051615,0.0008688165650257628,0.5632010158115911,0.563172530528352
sigmoid,85,0.0002738082988027297,0.0008633529462277348,0.5632010158115911,0.563172530528352
sigmoid,86,0.0002737512053436304,0.0008580679106748724,0.5632010158115911,0.563172530528352
sigmoid,87,0.00027369775976770474,0.0008529645267119561,0.5632010158115911,0.563172530528352
sigmoid,88,0.0002736495926100064,0.00084800824109054,0.5632010158115911,0.563172530528352
sigmoid,89,0.0002736094824409083,0.0008432216757652035,0.5632010158115911,0.563172530528352
sigmoid,90,0.000273571028823145,0.0008386184138477196,0.5632010158115911,0.563172530528352
sigmoid,91,0.00027353396723544084,0.0008341681333445062,0.5632010158115911,0.563172530528352
sigmoid,92,0.0002734982442222684,0.0008298577283749442,0.5632010158115911,0.563172530528352
sigmoid,93,0.0002734638220886635,0.0008256630789641012,0.5632010158115911,0.563172530528352
sigmoid,94,0.00027343066430055295,0.0008216037757000708,0.5632010158115911,0.563172530528352
sigmoid,95,0.00027339999635660726,0.0008177076356466812,0.5632010158115911,0.563172530528352
sigmoid,96,0.0002733762263471339,0.0008139505635272836,0.5632010158115911,0.563172530528352
sigmoid,97,0.0002733541738105338,0.0008103030569216001,0.5632010158115911,0.563172530528352
sigmoid,98,0.0002733331781267719,0.0008067818179556059,0.5632010158115911,0.563172530528352
sigmoid,99,0.0002733131661577652,0.0008033612640493165,0.5632010158115911,0.563172530528352
sigmoid,100,0.0002732941076452051,0.0008000370014073844,0.5632010158115911,0.563172530528352
sigmoid,101,0.00027327606351911833,0.0007968415376080531,0.5632010158115911,0.563172530528352
sigmoid,102,0.0002732588795469358,0.0007937307054255146,0.5632010158115911,0.563172530528352
sigmoid,103,0.0002732425464087023,0.000790700614834322,0.5632010158115911,0.563172530528352
sigmoid,104,0.0002732271089584313,0.0007877479994345687,0.5632010158115911,0.563172530528352
sigmoid,105,0.0002732124929770807,0.0007848921538911125,0.5632010158115911,0.563172530528352
sigmoid,106,0.00027319872355787084,0.0007821279411573041,0.5632010158115911,0.563172530528352
sigmoid,107,0.0002731860083329993,0.0007794333863309762,0.5632010158115911,0.563172530528352
sigmoid,108,0.00027317402234632227,0.0007768238276513941,0.5632010158115911,0.563172530528352
sigmoid,109,0.00027316274693168395,0.0007742747476132761,0.5632010158115911,0.563172530528352
sigmoid,110,0.00027315216452214285,0.0007718012014785037,0.5632010158115911,0.563172530528352
sigmoid,111,0.0002731426740345456,0.0007694117450459308,0.5632010158115911,0.563172530528352
sigmoid,112,0.00027313429472024416,0.0007670903884007106,0.5632010158115911,0.563172530528352
sigmoid,113,0.00027312659921040786,0.0007648352244917757,0.5632010158115911,0.563172530528352
sigmoid,114,0.00027311948612271294,0.0007626385121788336,0.5632010158115911,0.563172530528352
sigmoid,115,0.0002731129417444731,0.0007604811723155001,0.5632010158115911,0.563172530528352
sigmoid,116,0.000273108264880948,0.0007583646826681633,0.5632010158115911,0.563172530528352
sigmoid,117,0.0002731050317643388,0.0007562902977093571,0.5632010158115911,0.563172530528352
sigmoid,118,0.0002731024455677205,0.0007542646274678164,0.5632010158115911,0.563172530528352
sigmoid,119,0.00027310038441863204,0.0007523017875263138,0.5632010158115911,0.563172530528352
sigmoid,120,0.00027309881279250506,0.0007503792244065343,0.5632010158115911,0.563172530528352
sigmoid,121,0.00027309773178290183,0.000748494316793335,0.5632010158115911,0.563172530528352
sigmoid,122,0.0002730977682635653,0.0007466658189198053,0.5632010158115911,0.563172530528352
sigmoid,123,0.00027309825586002175,0.0007448818047817536,0.5632010158115911,0.563172530528352
sigmoid,124,0.0002731029250853505,0.0007431418934189958,0.5632010158115911,0.563172530528352
sigmoid,125,0.0002731127281528025,0.0007414326064432947,0.5632010158115911,0.563172530528352
sigmoid,126,0.0002731247990950443,0.0007397500703388966,0.5632010158115911,0.563172530528352
sigmoid,127,0.00027313720966878126,0.0007380954337837763,0.5632010158115911,0.563172530528352
sigmoid,128,0.00027314995325171545,0.0007364745595085649,0.5632010158115911,0.563172530528352
sigmoid,129,0.00027316302341694084,0.0007348862608216953,0.5632010158115911,0.563172530528352
sigmoid,130,0.0002731764139268885,0.0007333390737935769,0.5632010158115911,0.563172530528352
sigmoid,131,0.0002731901495204971,0.0007318204462866986,0.5632010158115911,0.563172530528352
sigmoid,132,0.00027320424782268954,0.0007303300879134596,0.5632010158115911,0.563172530528352
sigmoid,133,0.00027321871218812606,0.0007288695573720763,0.5632010158115911,0.563172530528352
sigmoid,134,0.0002732335264416387,0.0007274396993997414,0.5632010158115911,0.563172530528352
sigmoid,135,0.0002732486305858567,0.0007260382225818408,0.5632010158115911,0.563172530528352
sigmoid,136,0.0002732640194244611,0.0007246601149601328,0.5632010158115911,0.563172530528352
sigmoid,137,0.00027327968791248877,0.0007233012185413873,0.5632010158115911,0.563172530528352
sigmoid,138,0.000273295631151596,0.0007219634042898683,0.5632010158115911,0.563172530528352
sigmoid,139,0.00027331193268509646,0.0007206470137169542,0.5632010158115911,0.563172530528352
sigmoid,140,0.0002733286736006412,0.0007193704471826761,0.5632010158115911,0.563172530528352
sigmoid,141,0.00027334567389744244,0.0007181190888513126,0.5632010158115911,0.563172530528352
sigmoid,142,0.0002733629274275037,0.0007168868036252882,0.5632010158115911,0.563172530528352
sigmoid,143,0.00027338043009034554,0.0007156720960535842,0.5632010158115911,0.563172530528352
sigmoid,144,0.0002733981815839089,0.0007144752610920031,0.5632010158115911,0.563172530528352
sigmoid,145,0.00027341618301241535,0.0007133056689032496,0.5632010158115911,0.563172530528352
sigmoid,146,0.0002734344222708592,0.0007121593197410552,0.5632010158115911,0.563172530528352
sigmoid,147,0.0002734528956907467,0.000711039797627797,0.5632010158115911,0.563172530528352
sigmoid,148,0.00027347162918798,0.0007099346457891644,0.5632010158115911,0.563172530528352
sigmoid,149,0.00027349085677461684,0.0007088454409403207,0.5632010158115911,0.563172530528352
sigmoid,150,0.0002735103118706373,0.0007077807202440954,0.5632010158115911,0.563172530528352
sigmoid,151,0.00027352998694470766,0.0007067371127005101,0.5632010158115911,0.563172530528352
sigmoid,152,0.00027355056907697305,0.0007057094538842575,0.5632010158115911,0.563172530528352
sigmoid,153,0.0002735715265275104,0.0007046939483926314,0.5632010158115911,0.563172530528352
sigmoid,154,0.0002735926919041431,0.0007036937292271988,0.5632010158115911,0.563172530528352
sigmoid,155,0.00027361406237447845,0.0007027108550184156,0.5632010158115911,0.563172530528352
sigmoid,156,0.0002736356351827406,0.0007017447249733127,0.5632010158115911,0.563172530528352
sigmoid,157,0.00027365740764742527,0.0007007999036574741,0.5632010158115911,0.563172530528352
sigmoid,158,0.0002736795743129693,0.0006998700917607571,0.5632010158115911,0.563172530528352
sigmoid,159,0.0002737020881532822,0.0006989513942504888,0.5632010158115911,0.563172530528352
sigmoid,160,0.00027372480303050926,0.0006980488685436329,0.5632010158115911,0.563172530528352
sigmoid,161,0.00027374854510705713,0.0006971591190876329,0.5632010158115911,0.563172530528352
sigmoid,162,0.00027377362731886097,0.0006962797216580624,0.5632010158115911,0.563172530528352
sigmoid,163,0.0002737988937997839,0.0006954132881535422,0.5632010158115911,0.563172530528352
sigmoid,164,0.00027382434217196935,0.0006945567781773578,0.5632010158115911,0.563172530528352
sigmoid,165,0.0002738499701225812,0.0006937140140042119,0.5632010158115911,0.563172530528352
sigmoid,166,0.0002738757754017878,0.0006928858707820045,0.5632010158115911,0.563172530528352
sigmoid,167,0.0002739018248983655,0.0006920703667693921,0.5632010158115911,0.563172530528352
sigmoid,168,0.0002739280662197357,0.0006912652574757206,0.5632010158115911,0.563172530528352
sigmoid,169,0.0002739544781912821,0.000690471893135188,0.5632010158115911,0.563172530528352
sigmoid,170,0.0002739811945040265,0.0006896895223804571,0.5632010158115911,0.563172530528352
sigmoid,171,0.00027400813311632494,0.0006889201836157012,0.5632010158115911,0.563172530528352
sigmoid,172,0.0002740352832694236,0.0006881651542306266,0.5632010158115911,0.563172530528352
sigmoid,173,0.00027406259888974096,0.0006874214788404041,0.5632010158115911,0.563172530528352
sigmoid,174,0.00027409010943652256,0.0006866892038966132,0.5632010158115911,0.563172530528352
sigmoid,175,0.00027411838292137344,0.0006859662504457701,0.5632010158115911,0.563172530528352
sigmoid,176,0.0002741468082164506,0.0006852518128660757,0.5632010158115911,0.563172530528352
sigmoid,177,0.00027417538369275084,0.0006845461693891488,0.5632010158115911,0.563172530528352
sigmoid,178,0.0002742041077646495,0.0006838511095799887,0.5632010158115911,0.563172530528352
sigmoid,179,0.00027423297888857254,0.0006831652869540974,0.5632010158115911,0.563172530528352
sigmoid,180,0.0002742619955617166,0.0006824908122288152,0.5632010158115911,0.563172530528352
sigmoid,181,0.0002742913147414512,0.0006818257958608497,0.5632010158115911,0.563172530528352
sigmoid,182,0.0002743208768156533,0.000681169799465095,0.5632010158115911,0.563172530528352
sigmoid,183,0.00027435057978375126,0.0006805221924076421,0.5632010158115911,0.563172530528352
sigmoid,184,0.00027438052215934117,0.0006798810044598173,0.5632010158115911,0.563172530528352
sigmoid,185,0.0002744111068432895,0.0006792497795464482,0.5632010158115911,0.563172530528352
sigmoid,186,0.00027444183000754034,0.0006786286208236255,0.5632010158115911,0.563172530528352
sigmoid,187,0.0002744748319676574,0.0006780135584897916,0.5632010158115911,0.563172530528352
sigmoid,188,0.00027451054616337364,0.0006774056496419907,0.5632010158115911,0.563172530528352
sigmoid,189,0.00027454639521243474,0.0006768117876495731,0.5632010158115911,0.563172530528352
sigmoid,190,0.00027458237799598135,0.0006762251095290648,0.5632010158115911,0.563172530528352
sigmoid,191,0.00027462028843067534,0.000675645158718773,0.5632010158115911,0.563172530528352
sigmoid,192,0.0002746586330569916,0.0006750729753344517,0.5632010158115911,0.563172530528352
sigmoid,193,0.00027469723750062324,0.0006745088188711179,0.5632010158115911,0.563172530528352
sigmoid,194,0.00027473702998701124,0.0006739511150647009,0.5632010158115911,0.563172530528352
sigmoid,195,0.0002747822254905028,0.0006734005260280188,0.5632010158115911,0.563172530528352
sigmoid,196,0.00027482827211335536,0.0006728587964582423,0.5632010158115911,0.563172530528352
sigmoid,197,0.00027487534294831113,0.0006723225071785681,0.5632010158115911,0.563172530528352
sigmoid,198,0.00027492384987485294,0.0006717919935164459,0.5632010158115911,0.563172530528352
sigmoid,199,0.00027497253520281393,0.0006712674141868187,0.5632010158115911,0.563172530528352
sigmoid,200,0.00027502135305086444,0.0006707492449404672,0.5632010158115911,0.563172530528352
sigmoid,201,0.00027507027647282075,0.0006702359544337722,0.5632010158115911,0.563172530528352
sigmoid,202,0.00027512117091013595,0.000669727506643018,0.5632010158115911,0.563172530528352
sigmoid,203,0.00027517511154721917,0.0006692260150087681,0.5632010158115911,0.563172530528352
sigmoid,204,0.0002752291437252829,0.0006687303647714205,0.5632010158115911,0.563172530528352
sigmoid,205,0.0002752832848487036,0.0006682399445510153,0.5632010158115911,0.563172530528352
sigmoid,206,0.0002753375311228908,0.0006677549660716362,0.5632010158115911,0.563172530528352
sigmoid,207,0.0002753918675585195,0.000667275002982473,0.5632010158115911,0.563172530528352
sigmoid,208,0.00027544629382323467,0.000666799673757014,0.5632010158115911,0.563172530528352
sigmoid,209,0.00027550599980612954,0.0006663295842090538,0.5632010158115911,0.563172530528352
sigmoid,210,0.00027556701719609546,0.00066586731536349,0.5632010158115911,0.563172530528352
sigmoid,211,0.0002756281236092301,0.0006654106786632866,0.5632010158115911,0.563172530528352
sigmoid,212,0.00027568932870493694,0.0006649601278938643,0.5632010158115911,0.563172530528352
sigmoid,213,0.00027575064040221006,0.0006645150208962323,0.5632010158115911,0.563172530528352
sigmoid,214,0.00027581203989212146,0.0006640752305309628,0.5632010158115911,0.563172530528352
sigmoid,215,0.0002758741383041804,0.0006636423964027113,0.5632010158115911,0.563172530528352
sigmoid,216,0.0002759367675181872,0.0006632151554028079,0.5632010158115911,0.563172530528352
sigmoid,217,0.0002759994825656675,0.0006627924674793189,0.5632010158115911,0.563172530528352
sigmoid,218,0.00027606228384561773,0.0006623742164660713,0.5632010158115911,0.563172530528352
sigmoid,219,0.0002761251719321066,0.0006619609045658789,0.5632010158115911,0.563172530528352
sigmoid,220,0.0002761881452415673,0.0006615524194718254,0.5632010158115911,0.563172530528352
sigmoid,221,0.00027625120355488024,0.0006611488450254228,0.5632010158115911,0.563172530528352
sigmoid,222,0.0002763155721327987,0.0006607510889573998,0.5632010158115911,0.563172530528352
sigmoid,223,0.00027638131752570546,0.0006603569520259965,0.5632010158115911,0.563172530528352
sigmoid,224,0.00027644714892606465,0.0006599666544375237,0.5632010158115911,0.563172530528352
sigmoid,225,0.00027651306612001743,0.0006595809598385551,0.5632010158115911,0.563172530528352
sigmoid,226,0.0002765790688983127,0.0006592025357494988,0.5632010158115911,0.563172530528352
sigmoid,227,0.00027664515705619455,0.0006588293898591828,0.5632010158115911,0.563172530528352
sigmoid,228,0.00027671133039328924,0.0006584595147971331,0.5632010158115911,0.563172530528352
sigmoid,229,0.0002767775887134981,0.0006580936611009069,0.5632010158115911,0.563172530528352
sigmoid,230,0.0002768441670060661,0.0006577338333253236,0.5632010158115911,0.563172530528352
sigmoid,231,0.00027691109588249397,0.0006573771369050691,0.5632010158115911,0.563172530528352
sigmoid,232,0.0002769781310006009,0.0006570244225292997,0.5632010158115911,0.563172530528352
sigmoid,233,0.00027704525449730253,0.0006566766450402516,0.5632010158115911,0.563172530528352
sigmoid,234,0.00027711246044017035,0.0006563337547630947,0.5632010158115911,0.563172530528352
sigmoid,235,0.0002771797486850893,0.0006559959213679589,0.5632010158115911,0.563172530528352
sigmoid,236,0.00027724711909088044,0.0006556642167964161,0.5632010158115911,0.563172530528352
sigmoid,237,0.0002773145715192308,0.0006553365809168954,0.5632010158115911,0.563172530528352
sigmoid,238,0.0002773821058346286,0.0006550156424696544,0.5632010158115911,0.563172530528352
sigmoid,239,0.00027744972190429977,0.0006546993622868644,0.5632010158115911,0.563172530528352
sigmoid,240,0.0002775179172157352,0.0006543857975401348,0.5632010158115911,0.563172530528352
sigmoid,241,0.0002775863099457922,0.0006540757490731776,0.5632010158115911,0.563172530528352
sigmoid,242,0.0002776547855550961,0.0006537691330493949,0.5632010158115911,0.563172530528352
sigmoid,243,0.0002777233439197023,0.000653465142282498,0.5632010158115911,0.563172530528352
sigmoid,244,0.00027779198491766934,0.0006531647806010695,0.5632010158115911,0.563172530528352
sigmoid,245,0.00027786070842902535,0.0006528684201203599,0.5632010158115911,0.563172530528352
sigmoid,246,0.0002779296210157585,0.0006525760277416208,0.5632010158115911,0.563172530528352
sigmoid,247,0.0002779988584726728,0.0006522894058650432,0.5632010158115911,0.563172530528352
sigmoid,248,0.00027806817756528634,0.0006520079421205704,0.5632010158115911,0.563172530528352
sigmoid,249,0.0002781378292145515,0.0006517302232194114,0.5632010158115911,0.563172530528352
sigmoid,250,0.000278207875869165,0.0006514549399873243,0.5632010158115911,0.563172530528352
relu,1,0.004756971411225201,0.008906380445966892,0.240348278259818,0.26127433200338535
relu,2,0.004697376232492269,0.008775218541862622,0.2560691719321583,0.27650828194897836
relu,3,0.004639278997563481,0.008637860333097052,0.2710040209208816,0.2912586144359811
relu,4,0.004581689930978088,0.008505168073047681,0.2859993348852677,0.3021400072542619
relu,5,0.0045260198376961686,0.008375699650305834,0.3004202315808568,0.315681296094789
relu,6,0.004469962617042314,0.008247000844232612,0.3135108988118632,0.32752992383025026
relu,7,0.00441901593474455,0.008127743643990302,0.327055053360341,0.34602829162132753
relu,8,0.004369376062317882,0.008011836843897115,0.341324787616773,0.3601741022850925
relu,9,0.004320813337735288,0.007898882130412179,0.3591014904616501,0.37843066134687464
relu,10,0.004274242445250041,0.007787038979253119,0.3748526166218218,0.3965663160440092
relu,11,0.00422868051501679,0.007674282971133428,0.39169211234392476,0.4115584572603071
relu,12,0.004186257646017545,0.00756932930689116,0.4089246304078363,0.42860597267561357
relu,13,0.004145312492803717,0.007469199140904984,0.4264897058378934,0.4413009309636078
relu,14,0.0041047905882335275,0.00737199087441297,0.4423315294615594,0.4544795067101922
relu,15,0.004066901331163928,0.0072754683911919376,0.456933821084137,0.4656027082577681
relu,16,0.004027296500384364,0.007180471740003105,0.4665175197266983,0.4733405875952122
relu,17,0.003990600757844746,0.00708823024386379,0.47319889953744293,0.4782976665457623
relu,18,0.003956442116080429,0.006999717547891492,0.4780663300783021,0.48277112803772215
relu,19,0.003922019737527401,0.006911627172036912,0.48118027632493876,0.4856728327892637
relu,20,0.00388830270840539,0.006825005423403789,0.48384073525410404,0.48797001571756743
relu,21,0.0038560844328355795,0.006742705632961351,0.4865314266711008,0.4901462942812235
relu,22,0.00382447430276879,0.006660351234265057,0.48943374550291746,0.49183895538628947
relu,23,0.0037943195555164197,0.006581498733818563,0.4910662998458143,0.49449885140853583
relu,24,0.0037639464292218024,0.006503936436271286,0.4929104816035312,0.4972796517954298
relu,25,0.003734724715214291,0.006429361557367707,0.4947848958490794,0.49643332124289685
relu,26,0.0037078818974673744,0.006357257897774518,0.4963872177041449,0.49788417361866766
relu,27,0.003681638428065504,0.0062881881852975136,0.4990174441454787,0.49921412162979084
relu,28,0.0036559851962632522,0.006220052749713448,0.5009825558545212,0.5021158263813323
relu,29,0.0036305652561800616,0.006154832442669102,0.5029174350757324,0.505259339862169
relu,30,0.003605361883029845,0.006090556456022103,0.5063941711763461,0.5062265747793495
relu,31,0.003582015545396187,0.006026455100944355,0.5086918402515342,0.509974610083424
relu,32,0.0035583619194629523,0.005965458656114314,0.5103243945944311,0.5121508886470801
relu,33,0.003536164877789791,0.00590747187632361,0.5124709012304622,0.5136017410228509
relu,34,0.00351356008487888,0.00584998176917891,0.5143453154760105,0.5168661588683352
relu,35,0.0034932294904585826,0.005796017974828444,0.5161290322580645,0.5190424374319913
relu,36,0.0034728015889143138,0.0057423910662687625,0.5183964688454213,0.5206141941724096
relu,37,0.0034521394241728265,0.0056910827494463375,0.5199685582126553,0.523274090194656
relu,38,0.003432518162945003,0.005642160817338157,0.5227197146053149,0.52605489058155
relu,39,0.003412618618370742,0.005594274316083324,0.5253801735344802,0.527989360415911
relu,40,0.003393347460062445,0.005547711808281784,0.5277080750974997,0.5296820215209769
relu,41,0.0033752995690445485,0.005503015160848342,0.5297336517822051,0.5322210131785757
relu,42,0.0033568220601752708,0.0054596828689863494,0.5318499259304048,0.5341554830129368
relu,43,0.003339229220668378,0.005417635023085249,0.5334522477854703,0.537419900858421
relu,44,0.0033221252392834125,0.005379920096034354,0.5360522417389727,0.5403216056099626
relu,45,0.00330452872141265,0.005341997600999547,0.5377754935453638,0.5422560754443235
relu,46,0.003288282684175086,0.005304675440468814,0.5390150255464522,0.5441905452786846
relu,47,0.0032721786463278725,0.005270514775159193,0.5413126946216404,0.5457623020191029
relu,48,0.0032579901514931736,0.005236800912087463,0.5427638540375488,0.5476967718534639
relu,49,0.0032436779179341505,0.005204959371404301,0.5447591982344228,0.549631241687825
relu,50,0.0032287853241553177,0.0051733566237202305,0.5466033799921396,0.5505984766050055
relu,51,0.0032142573804380932,0.005142481194732925,0.5482661668228679,0.5510820940635957
relu,52,0.00319907886494336,0.005111355105969566,0.549777791214439,0.5521702333454238
relu,53,0.0031848968470654373,0.0050817007810474634,0.5508661607763703,0.5539837988151373
relu,54,0.0031704805524307524,0.005052294852368197,0.5523777851679414,0.556280981743441
relu,55,0.003156531249904258,0.005023961627318489,0.5537987120960184,0.557369121025269
relu,56,0.003144331883680573,0.004998972524620542,0.5549475466336125,0.5583363559424496
relu,57,0.003131965902889687,0.004972806121960079,0.556126613659038,0.5603917301414582
relu,58,0.00311903441290522,0.004947278086650776,0.5574266106357892,0.5618425825172289
relu,59,0.0031063045597851772,0.004922673900516592,0.5591800949300118,0.5638979567162374
relu,60,0.0030943153032068444,0.0048993476947561225,0.5605103243945945,0.5647442872687704
relu,61,0.0030811028169339277,0.004873731436262,0.56168939142002,0.5655906178213034
relu,62,0.0030694260912978513,0.004849674688785657,0.563412643226411,0.567645992020312
relu,63,0.0030578008117337283,0.0048249800036117944,0.5653475224476222,0.5698222705839681
relu,64,0.003047586572655457,0.004802290289205218,0.5670405417661819,0.5709104098657961
relu,65,0.0030357796021816138,0.004779877788106484,0.5689149560117303,0.5722403578769194
relu,66,0.0030244203755331704,0.0047590963316720605,0.5711521601112556,0.5733284971587475
relu,67,0.0030138710060144016,0.00474035287658942,0.5728149469419839,0.5745375408052231
relu,68,0.00300282066295483,0.004719974838734453,0.5748707561145207,0.5767138193688792
relu,69,0.0029926711321055194,0.004700948958611567,0.5767754028479004,0.5778019586507073
relu,70,0.0029822427707807066,0.004681778886700634,0.578317259727303,0.5797364284850683
relu,71,0.002972320402096347,0.004663090664424115,0.5804335338755026,0.5813081852254867
relu,72,0.002962597508453141,0.004644453291353635,0.5820056232427366,0.5826381332366098
relu,73,0.0029534589535140606,0.004627485096667657,0.5835172476343078,0.5838471768830855
relu,74,0.002943843963356101,0.0046097040097646015,0.5853311969041932,0.5859025510820941
relu,75,0.0029350302132969464,0.004592974778337127,0.5869032862714273,0.5879579252811027
relu,76,0.0029259721959632124,0.004576663657607636,0.588596305589987,0.5902551082094064
relu,77,0.00291648872074713,0.004559247096315001,0.5905614172990296,0.59255229113771
relu,78,0.00290788218198726,0.0045432046233948005,0.5922242041297578,0.5943658566074236
relu,79,0.002899935698550763,0.0045277185745833445,0.5937962934969919,0.5959376133478419
relu,80,0.0028905745287982165,0.00451253679797066,0.5952474529129002,0.5971466569943175
relu,81,0.0028830250011109624,0.004498636074951764,0.5968195422801342,0.599202031193326
relu,82,0.002874653243517127,0.004484446991986515,0.598300934183874,0.6002901704751542
relu,83,0.0028667650468545474,0.004469793427710819,0.5997823260876137,0.6024664490388103
relu,84,0.0028597022834342327,0.00445782261327792,0.601445112918342,0.6044009188731713
relu,85,0.002851750781544693,0.004442969654164341,0.6026846449194304,0.6053681537903518
relu,86,0.0028440616736155363,0.004429246179555486,0.604075339359676,0.6063353887075323
relu,87,0.002837470789392567,0.004416992062690023,0.6055264987755843,0.6082698585418934
relu,88,0.0028290427348882903,0.004404666961145625,0.6069171932158297,0.610325232740902
relu,89,0.002821732317061409,0.004391321259185165,0.608579980046558,0.61141337202273
relu,90,0.002815260468791538,0.004379486222437728,0.609789279559815,0.6127433200338532
relu,91,0.002808063389557303,0.004367309672514328,0.6116032288297004,0.614194172409624
relu,92,0.0028011203013228354,0.004355546364378621,0.6128729933186202,0.6151614073268045
relu,93,0.0027949929657016706,0.004346296025448931,0.6141729902953714,0.6160077378793375
relu,94,0.002788610852475213,0.004335399356583093,0.6152613598573027,0.6178213033490509
relu,95,0.0027834082274519013,0.004324474965093582,0.6165008918583911,0.6193930600894693
relu,96,0.0027772567948188384,0.00431341650137771,0.6181032137134564,0.6210857211945351
relu,97,0.0027713448696264696,0.00430274773819728,0.6195241406415334,0.6220529561117156
relu,98,0.0027647401688390668,0.004291800579110167,0.6213985548870816,0.6238665215814291
relu,99,0.002759125907417985,0.004281493288474362,0.6227287843516643,0.6253173739571999
relu,100,0.0027534905090370004,0.004270928423976305,0.6238776188892584,0.6264055132390279
relu,101,0.002747456153797134,0.004260142434577558,0.6248450584998639,0.6282190787087414
relu,102,0.0027410819801766398,0.004250110303938248,0.6262357529401095,0.6291863136259219
relu,103,0.002736070196274277,0.004240568871959579,0.6275962148925235,0.6297908354491597
relu,104,0.002731113559826105,0.004230849453192576,0.6285334220152976,0.6311207834602829
relu,105,0.002725714656390112,0.004221695597778335,0.6295008616259032,0.6320880183774634
relu,106,0.0027208135805179686,0.004212618970584881,0.6305892311878345,0.6331761576592915
relu,107,0.002715833674482119,0.004202898452982488,0.6319194606524171,0.6339015838471769
relu,108,0.0027113435897942024,0.004193943225401363,0.6328264352873598,0.6351106274936525
relu,109,0.002707947804413109,0.004185779831522598,0.6339450373371225,0.6353524362229477
relu,110,0.0027035557708917413,0.004177196751564145,0.6350334068990537,0.6363196711401281
relu,111,0.0026990671505826075,0.004168109545679115,0.6362427064123106,0.636924192963366
relu,112,0.00269358679909855,0.004158757166299978,0.6374217734377362,0.6381332366098417
relu,113,0.0026888545035640807,0.004149120907878407,0.6381775856335218,0.6383750453391367
relu,114,0.0026856687987185444,0.004140820934375263,0.6388427003658131,0.6392213758916697
relu,115,0.002681935235355416,0.004131436479058932,0.6394473501224416,0.6403095151734978
relu,116,0.002677122405217576,0.004121706609933154,0.64047525470871,0.640793132632088
relu,117,0.0026727082156219853,0.0041120893917219485,0.6411101369531699,0.6415185588199734
relu,118,0.0026692326376928366,0.004103529608680441,0.6416845542219669,0.6422439850078587
relu,119,0.0026658005344924423,0.004095625826442694,0.6421380415394383,0.6428485068310966
relu,120,0.002662100630097926,0.004086512648853935,0.6427729237838982,0.6430903155603918
relu,121,0.002659948986132043,0.004079451128541824,0.6434380385161895,0.6438157417482772
relu,122,0.002657144478612628,0.004070625960888524,0.6440729207606494,0.6440575504775723
relu,123,0.002654857975151379,0.004063814064245163,0.6444357106146265,0.6442993592068673
relu,124,0.0026521885945671978,0.004055943847575084,0.6450101278834235,0.6449038810301052
relu,125,0.0026494608857897664,0.0040483137770428446,0.6455845451522205,0.6451456897594003
relu,126,0.0026466625915557524,0.0040392091419642374,0.6459473350061976,0.6456293072179906
relu,127,0.0026453831528058607,0.004031334272734606,0.6467031472019833,0.6464756377705235
relu,128,0.0026426681704301894,0.00402355090003283,0.6472473319829489,0.6469592552291138
relu,129,0.0026408598298749814,0.004016940243449526,0.6475798893490945,0.6474428726877041
relu,130,0.0026384787534622506,0.004009784524823748,0.6480636091543973,0.6481682988755894
relu,131,0.0026360259786114455,0.004001160646345063,0.6483357015448802,0.6488937250634748
relu,132,0.002631951765013887,0.003991830355814568,0.6489403513015086,0.6491355337927699
relu,133,0.0026281153917968878,0.003982562420662957,0.6493938386189799,0.6491355337927699
relu,134,0.002625860001737796,0.003975368498348591,0.649968255887777,0.649377342522065
relu,135,0.0026231780727728896,0.0039679666817848906,0.6504822081809112,0.6501027687099504
relu,136,0.0026203055845240098,0.0039600743816442,0.6508147655470569,0.6505863861685407
relu,137,0.0026182491043601755,0.003952502556242101,0.6513589503280225,0.651070003627131
relu,138,0.002616897273025719,0.003946095246746545,0.6517217401819996,0.6511909079917785
relu,139,0.0026141716728950437,0.003938573992938163,0.6520845300359767,0.6511909079917785
relu,140,0.0026124597386133147,0.003931201424714339,0.6526589473047737,0.6514327167210736
relu,141,0.00261076920407086,0.003923411454665397,0.6530822021344136,0.6516745254503687
relu,142,0.0026076110786374903,0.0039143534837232635,0.6534752244762222,0.6523999516382541
relu,143,0.0026057120193764918,0.003907863077913336,0.6537775493545364,0.6531253778261396
relu,144,0.0026042522654196524,0.0039002957614218963,0.6542612691598392,0.6537298996493773
relu,145,0.002602785736908327,0.0038936897284129685,0.6545635940381535,0.6548180389312054
relu,146,0.0026003026297890977,0.0038865323858372517,0.6548659189164676,0.6548180389312054
relu,147,0.002596920036336749,0.0038786663703952347,0.6554101036974332,0.6554225607544433
relu,148,0.00259417696650449,0.0038707684857192857,0.6555612661365904,0.6556643694837384
relu,149,0.002592348934717708,0.003863235182338617,0.6559542884783989,0.6559061782130335
relu,150,0.002589513952690359,0.003855164937202708,0.6563775433080388,0.6565107000362713
relu,151,0.002588098572018779,0.0038483580166714733,0.656679868186353,0.6572361262241567
relu,152,0.0025860557164746204,0.003840459325806887,0.6570124255524987,0.6573570305888042
relu,153,0.0025843676036790726,0.0038327069127790546,0.657526377845633,0.6578406480473945
relu,154,0.0025816916222915973,0.0038241473365415095,0.6582821900414185,0.6583242655059848
relu,155,0.0025793400557600167,0.0038152467507918866,0.6585845149197328,0.6586869785999274
relu,156,0.002577171093708106,0.0038077145572022633,0.659249629652024,0.6586869785999274
relu,157,0.0025751592428005406,0.0038000020304052506,0.6597635819451583,0.6585660742352799
relu,158,0.0025720552652216872,0.0037912075863647658,0.6603077667261239,0.6589287873292226
relu,159,0.002570269789179819,0.0037822302440862687,0.6607007890679324,0.6591705960585177
relu,160,0.002568997161002531,0.0037749429909594936,0.6610938114097409,0.6594124047878128
relu,161,0.0025665353410858037,0.0037658266381544675,0.6615472987272123,0.6597751178817556
relu,162,0.002563895988753727,0.0037574735625928377,0.6619403210690208,0.6598960222464031
relu,163,0.002562170172721856,0.003748165480136987,0.662031018532515,0.6601378309756982
relu,164,0.002559834963852453,0.0037404521427700276,0.6622728784351665,0.660742352798936
relu,165,0.0025577174616689194,0.0037312818486952373,0.6628472957039635,0.6612259702575263
relu,166,0.0025550596278385742,0.003723165151614922,0.6633310155092662,0.6614677789868214
relu,167,0.0025522108412151,0.0037145032123581893,0.6636938053632433,0.6619513964454117
relu,168,0.002548496542880429,0.00370472314654534,0.6639961302415576,0.6619513964454117
relu,169,0.0025456607582136754,0.0036961097223694975,0.6642682226320404,0.6623141095393543
relu,170,0.00254233984409489,0.0036869233070150136,0.6646310124860175,0.6630395357272397
relu,171,0.0025397869272009398,0.0036777008499056427,0.6654775221452973,0.6636440575504776
relu,172,0.002536220798219895,0.0036699341148744066,0.6660519394140944,0.6640067706444203
relu,173,0.002532933082987318,0.0036613411551681507,0.6665054267315658,0.6643694837383629
relu,174,0.002529762331318261,0.0036529990759141488,0.6669891465368685,0.6644903881030105
relu,175,0.0025259072509140027,0.0036444917883686778,0.6673821688786771,0.6652158142908959
relu,176,0.0025231348545428673,0.00363662614894898,0.6678356561961484,0.6659412404787813
relu,177,0.0025200375304578046,0.003628184816304306,0.6685310034162711,0.666303953572724
relu,178,0.0025174374482969594,0.0036203852811197753,0.6688030958067539,0.6665457623020191
relu,179,0.0025135694737776918,0.0036116266929107203,0.6690751881972368,0.6670293797606094
relu,180,0.0025090778657891294,0.0036024088128945035,0.6694984430268767,0.6672711884899045
relu,181,0.0025057051905828837,0.0035941313616777958,0.6698914653686852,0.6675129972191997
relu,182,0.0025021311343904847,0.0035850049752531275,0.6702240227348308,0.6686011365010277
relu,183,0.002498976600685906,0.0035762140850149776,0.6704658826374822,0.6684802321363801
relu,184,0.0024951833498170163,0.003567050938717841,0.6707682075157965,0.6687220408656752
relu,185,0.0024914211912423945,0.0035583481820313147,0.6710100674184478,0.6692056583242655
relu,186,0.002487980946159612,0.003549837672049615,0.6711007648819421,0.6694474670535606
relu,187,0.0024847829918520394,0.003541191834285353,0.6716449496629078,0.6695683714182082
relu,188,0.0024818866420997163,0.003533573786888713,0.6717961121020649,0.6698101801475034
relu,189,0.0024789534192260422,0.0035255639523819327,0.672158901956042,0.6696892757828558
relu,190,0.0024755316363682467,0.0035170606366230345,0.6726728542491761,0.6699310845121509
relu,191,0.002471876151498046,0.0035094786395635734,0.6730961090788161,0.6702937976060935
relu,192,0.0024682622430489557,0.0035007722488986943,0.6733984339571303,0.6706565107000363
relu,193,0.002464690444956351,0.0034922413624896807,0.673730991323276,0.6706565107000363
relu,194,0.0024613049639330914,0.003483757790122487,0.6737914562989389,0.6707774150646838
relu,195,0.002457819614103434,0.0034756755348928675,0.6742147111285788,0.6715028412525692
relu,196,0.0024535935654062474,0.003466562901586547,0.6744868035190615,0.6713819368879217
relu,197,0.002450270606924869,0.0034579934867062507,0.6747588959095444,0.6713819368879217
relu,198,0.0024465154508926702,0.0034485618985872074,0.6750309883000272,0.6719864587111595
relu,199,0.0024428757780860185,0.0034395517639134424,0.6752728482026786,0.6725909805343973
relu,200,0.0024391004697014744,0.0034309480040148927,0.6756658705444871,0.67295369362834
relu,201,0.002436003979345305,0.0034222716944470265,0.6759681954228013,0.6730745979929875
relu,202,0.002432840601406014,0.0034145001929287233,0.6761495903497898,0.6734373110869303
relu,203,0.002429914584635003,0.00340643866680443,0.6765728451794298,0.6735582154515778
relu,204,0.0024270581735278307,0.003397833175381379,0.6768449375699126,0.6741627372748156
relu,205,0.0024231865895398565,0.003388711604699428,0.6770867974725641,0.6746463547334058
relu,206,0.002419764642370602,0.0033804997204842065,0.6772681923995526,0.6746463547334058
relu,207,0.002416287856056822,0.003371738906674295,0.677510052302204,0.6746463547334058
relu,208,0.0024129835827867386,0.0033630873655097313,0.6776914472291925,0.6747672590980535
relu,209,0.002410189942527572,0.0033561367126571854,0.6779030746440124,0.6750090678273486
relu,210,0.002406946784322807,0.0033482759827325867,0.6782053995223267,0.6754926852859389
relu,211,0.002403706288449998,0.003340235917613854,0.6783867944493153,0.675976302744529
relu,212,0.0024000784737032758,0.0033322491579360937,0.6785379568884724,0.6764599202031193
relu,213,0.0023965534444082806,0.0033240626955533155,0.6788100492789552,0.6769435376617096
relu,214,0.0023935674872801807,0.0033159274890409056,0.678870514254618,0.677668963849595
relu,215,0.0023902268664632684,0.0033085818269004796,0.6792333041085951,0.6780316769435376
relu,216,0.0023866285741451485,0.0033014036699660606,0.6795053964990779,0.6785152944021279
relu,217,0.0023835208281716854,0.0032951694725774096,0.679868186353055,0.6789989118607181
relu,218,0.0023790478317096387,0.003288086943515188,0.6801402787435378,0.6794825293193084
relu,219,0.0023758871760043887,0.003281808911807389,0.680442603621852,0.6800870511425462
relu,220,0.0023725187503839053,0.003276585138963917,0.6809565559149863,0.6802079555071938
relu,221,0.0023690571079500434,0.003269934118343974,0.681289113281132,0.6805706686011365
relu,222,0.002365983031299459,0.0032639426143816104,0.6815612056716147,0.6810542860597267
relu,223,0.002363071677497363,0.0032576185836222463,0.6818332980620976,0.6811751904243744
relu,224,0.0023601010311041543,0.003250869070774241,0.6821053904525803,0.6814169991536695
relu,225,0.002357160681380703,0.003244579923286081,0.6825286452822202,0.681537903518317
relu,226,0.002354007675643202,0.0032371902009870014,0.6828612026483659,0.6817797122476121
relu,227,0.002351054439041506,0.0032295846159878946,0.6831030625510173,0.6820215209769073
relu,228,0.0023481760285196133,0.0032213714429040266,0.6834960848928259,0.6820215209769073
relu,229,0.0023447038437976074,0.003213820326196646,0.6838286422589714,0.6827469471647927
relu,230,0.0023417320616913053,0.0032056246001724302,0.6841309671372857,0.6829887558940878
relu,231,0.002338359205180908,0.003198277501735036,0.6844635245034314,0.6832305646233829
relu,232,0.0023348687133675147,0.00319107897221502,0.6847658493817457,0.6829887558940878
relu,233,0.002332194040940085,0.0031827329069035433,0.6851891042113856,0.6833514689880305
relu,234,0.0023296028748110574,0.0031754218520326895,0.6855821265531941,0.6833514689880305
relu,235,0.002326682051609756,0.003166817768068165,0.6858542189436769,0.6841977995405634
relu,236,0.0023238017351712,0.003159398612564938,0.6861867763098225,0.6844396082698585
relu,237,0.002321207553269488,0.003151342826057113,0.686428636212474,0.6851650344577439
relu,238,0.0023179996765177848,0.003143522013905382,0.6868216585542825,0.6856486519163342
relu,239,0.002315300421634778,0.0031367911454676604,0.6873960758230795,0.6857695562809818
relu,240,0.0023124233696513244,0.0031291458958839545,0.6878495631405508,0.6861322693749244
relu,241,0.002309342058669083,0.0031214614366551615,0.6882123529945279,0.687099504292105
relu,242,0.0023061115637618692,0.0031147042960495562,0.6886960727998307,0.6877040261153428
relu,243,0.0023032209638775072,0.0031067669299353626,0.6890588626538078,0.6885503566678757
relu,244,0.0023002959875654074,0.0030994764496289724,0.689361187532122,0.6885503566678757
relu,245,0.0022974465642665097,0.003092745153496292,0.6895425824591106,0.6886712610325233
relu,246,0.002294652657376336,0.003085954820821312,0.6897239773860991,0.6887921653971708
relu,247,0.0022919288136023412,0.0030790710205695054,0.6899053723130877,0.6890339741264659
relu,248,0.00228942112612017,0.003071093906140751,0.6901169997279076,0.6893966872204087
relu,249,0.0022864683673414444,0.0030641329698418793,0.6903890921183904,0.6897594003143513
relu,250,0.002283500231647586,0.003056541710423443,0.6905704870453789,0.6902430177729416
